{"cameraMode":{"drawMode":0,"name":"Shaded","section":"Shading Mode"},"sceneLighting":true,"audioPlay":false,"sceneViewState":{"m_AlwaysRefresh":false,"showFog":true,"showSkybox":true,"showFlares":true,"showImageEffects":true,"showParticleSystems":true,"showVisualEffectGraphs":true,"m_FxEnabled":true},"in2DMode":false,"pivot":{"x":2.4924254417419435,"y":-0.7929785847663879,"z":-0.5612149834632874},"rotation":{"x":0.05539746209979057,"y":0.877838671207428,"z":-0.10478848963975907,"w":0.46406635642051699},"size":1.5619890689849854,"orthographic":false}