{"cameraMode":{"drawMode":0,"name":"Shaded","section":"Shading Mode"},"sceneLighting":false,"audioPlay":false,"sceneViewState":{"m_AlwaysRefresh":false,"showFog":true,"showSkybox":false,"showFlares":true,"showImageEffects":true,"showParticleSystems":true,"showVisualEffectGraphs":true,"m_FxEnabled":true},"in2DMode":false,"pivot":{"x":2.363006591796875,"y":1.043836236000061,"z":-0.29399269819259646},"rotation":{"x":0.20260152220726014,"y":0.6141830682754517,"z":-0.16721342504024507,"w":0.7441699504852295},"size":0.5559155344963074,"orthographic":false}